Geneid	HBR1_sorted.sorted.bam	HBR2_sorted.sorted.bam	HBR3_sorted.sorted.bam	UHR1_sorted.sorted.bam	UHR2_sorted.sorted.bam	UHR3_sorted.sorted.bam
ENSG00000277248.1	0	0	0	0	0	0
ENSG00000283047.1	0	0	0	0	0	0
ENSG00000279973.2	0	0	0	0	0	0
ENSG00000226444.2	0	0	0	0	1	0
ENSG00000276871.1	0	0	0	0	0	0
ENSG00000288262.1	0	0	0	0	0	0
ENSG00000286406.1	0	0	0	0	0	0
ENSG00000283023.1	0	0	0	0	0	0
ENSG00000276138.1	0	0	0	0	0	0
ENSG00000280341.1	0	0	0	3	2	0
ENSG00000236235.1	0	0	0	0	0	1
ENSG00000279442.1	0	0	0	0	4	1
ENSG00000184624.4	0	0	0	0	1	0
ENSG00000236097.1	0	0	0	0	2	0
ENSG00000236831.1	0	0	0	0	0	0
ENSG00000130538.6	0	0	0	0	0	0
ENSG00000237299.1	0	0	0	0	3	0
ENSG00000235759.1	0	0	0	0	2	0
ENSG00000233408.1	0	0	0	0	1	0
ENSG00000215268.3	0	0	0	0	1	0
ENSG00000213727.3	0	0	0	0	0	0
ENSG00000230643.1	0	0	0	0	0	0
ENSG00000230471.1	0	0	0	0	3	0
ENSG00000231565.1	0	0	0	0	1	1
ENSG00000226474.1	0	0	0	0	0	0
ENSG00000224435.2	0	0	0	1	4	1
ENSG00000234381.1	0	0	0	0	2	1
ENSG00000198062.16	0	0	1	10	10	11
ENSG00000236666.1	0	0	0	0	2	0
ENSG00000212216.1	0	0	0	0	0	0
ENSG00000241838.3	0	0	0	2	2	2
ENSG00000225255.6	0	0	0	3	1	0
ENSG00000235992.1	0	0	0	0	1	0
ENSG00000206195.11	10	6	9	301	236	255
ENSG00000271127.2	1	1	1	60	25	36
ENSG00000232775.6	0	1	3	23	25	24
ENSG00000272872.1	4	2	0	94	37	49
ENSG00000271672.1	0	0	1	64	45	40
ENSG00000223875.2	0	0	0	6	6	3
ENSG00000215270.3	0	0	0	11	6	6
ENSG00000229286.1	0	0	0	0	0	1
ENSG00000233866.1	0	0	0	0	3	0
ENSG00000278188.1	0	0	0	0	0	0
ENSG00000225293.1	0	0	0	0	2	0
ENSG00000226160.1	0	0	0	0	0	0
ENSG00000229658.1	0	0	0	0	1	0
ENSG00000227367.1	0	0	0	0	1	0
ENSG00000280263.1	0	0	0	0	1	0
ENSG00000235969.1	0	0	0	0	0	0
ENSG00000273362.1	0	0	0	0	0	0
ENSG00000233995.1	0	0	0	0	0	0
ENSG00000239435.2	0	0	0	2	1	1
ENSG00000198445.4	0	0	0	1	2	0
ENSG00000287285.1	0	0	0	0	0	0
ENSG00000240122.1	0	0	0	0	0	0
ENSG00000100181.22	19	22	18	128	86	108
ENSG00000283633.1	2	7	5	28	16	28
ENSG00000267338.1	0	0	1	3	4	3
ENSG00000249288.1	0	0	0	2	2	4
ENSG00000249263.2	1	0	0	2	1	3
ENSG00000189295.13	1	1	0	6	3	3
ENSG00000259271.1	0	0	0	3	0	1
ENSG00000273244.1	0	0	0	0	1	0
ENSG00000241717.1	2	4	4	1	3	0
ENSG00000288024.1	0	0	0	1	1	0
ENSG00000235343.2	0	0	0	1	0	0
ENSG00000172967.8	0	0	0	4	4	8
ENSG00000229027.3	0	0	0	0	0	0
ENSG00000234121.1	0	0	0	0	0	0
ENSG00000283535.1	0	0	0	0	0	0
ENSG00000237835.1	0	0	0	0	0	0
ENSG00000220248.1	0	0	0	1	1	0
ENSG00000237689.1	1	3	2	3	0	1
ENSG00000228122.1	0	0	0	0	0	0
ENSG00000237358.1	0	0	0	0	0	0
ENSG00000225480.1	0	0	0	0	0	0
ENSG00000230481.2	0	0	0	0	0	0
ENSG00000253691.2	0	0	0	0	0	0
ENSG00000253460.2	0	0	0	0	0	0
ENSG00000254264.2	0	0	0	0	1	0
ENSG00000253481.2	0	0	0	0	0	0
ENSG00000285045.1	0	0	0	0	0	0
ENSG00000215568.9	0	0	0	0	0	0
ENSG00000270226.1	0	0	0	0	0	0
ENSG00000276400.1	0	0	0	0	0	0
ENSG00000237438.7	22	29	33	31	29	24
ENSG00000273203.1	7	5	4	3	3	4
ENSG00000273442.1	0	2	2	0	3	2
ENSG00000177663.15	58	66	58	93	72	80
ENSG00000235328.1	0	1	1	1	1	1
ENSG00000183307.4	25	45	32	8	5	4
ENSG00000235478.6	3	3	1	0	2	1
ENSG00000069998.12	30	43	33	124	81	136
ENSG00000185837.5	0	2	2	2	2	1
ENSG00000093072.19	31	32	32	40	41	22
ENSG00000236325.1	0	0	0	1	0	0
ENSG00000203416.3	0	1	0	0	0	0
ENSG00000241832.1	1	0	1	0	1	0
ENSG00000231004.2	0	0	0	0	0	0
ENSG00000239547.3	0	0	0	0	0	0
ENSG00000099954.19	113	88	118	115	81	96
ENSG00000229492.1	1	5	1	0	1	1
ENSG00000232305.1	1	2	0	0	0	0
ENSG00000228045.1	0	0	0	0	0	0
ENSG00000286195.1	7	12	15	2	2	8
ENSG00000182902.14	109	121	83	5	8	9
ENSG00000236754.5	22	21	18	1	2	5
ENSG00000131100.13	395	456	400	245	181	203
ENSG00000099968.18	211	280	257	245	163	198
ENSG00000015475.19	69	84	84	110	76	110
ENSG00000264757.1	0	0	0	0	0	1
ENSG00000269220.1	1	0	0	1	2	4
ENSG00000243156.9	463	617	603	274	180	247
ENSG00000093100.13	135	189	185	65	42	60
ENSG00000286990.1	11	11	5	2	0	5
ENSG00000207780.1	0	0	6	0	0	0
ENSG00000235445.1	2	7	2	2	1	1
ENSG00000234913.1	2	9	3	1	2	3
ENSG00000237446.1	1	2	3	0	0	1
ENSG00000235295.2	0	0	0	0	2	0
ENSG00000225335.3	19	17	12	12	11	17
ENSG00000215193.14	149	185	141	210	143	192
ENSG00000288683.1	118	131	128	44	17	39
ENSG00000236890.2	0	0	1	3	0	0
ENSG00000235617.1	1	0	1	3	1	1
ENSG00000225225.1	2	1	1	5	3	2
ENSG00000183785.16	96	108	112	9	6	4
ENSG00000280007.1	131	161	148	20	17	11
ENSG00000184979.11	6	10	6	43	23	26
ENSG00000187979.4	0	0	0	2	3	0
ENSG00000276160.1	0	1	0	0	1	2
ENSG00000288811.2	3	4	0	9	8	3
ENSG00000274044.5	2	0	0	4	1	0
ENSG00000276874.1	0	0	0	0	1	0
ENSG00000275060.1	0	0	0	0	4	2
ENSG00000277870.5	3	2	0	1	4	0
ENSG00000277017.1	0	0	0	0	2	0
ENSG00000278044.1	0	0	0	0	0	0
ENSG00000274252.1	0	0	0	0	0	0
ENSG00000275319.1	0	0	0	0	1	0
ENSG00000277690.2	0	0	0	0	0	0
ENSG00000278558.5	8	7	6	2	4	8
ENSG00000274602.5	63	69	89	183	128	139
ENSG00000274625.1	0	0	0	0	0	0
ENSG00000222630.2	0	0	0	0	0	0
ENSG00000275793.1	1	4	6	16	22	15
ENSG00000275362.1	0	0	0	0	0	0
ENSG00000278110.1	0	0	0	0	0	0
ENSG00000286175.1	0	4	3	2	0	0
ENSG00000273907.1	0	1	1	0	0	0
ENSG00000273643.1	0	0	0	0	4	1
ENSG00000278008.1	0	0	0	0	2	2
ENSG00000182824.7	0	0	0	4	3	0
ENSG00000197421.10	0	2	1	5	5	3
ENSG00000239989.1	0	0	0	0	0	0
ENSG00000234764.2	0	0	0	3	0	0
ENSG00000161103.11	8	7	4	9	12	4
ENSG00000215544.6	0	0	2	0	0	0
ENSG00000276095.2	0	0	0	1	2	0
ENSG00000279987.1	0	0	0	0	0	0
ENSG00000183628.14	103	140	120	42	26	40
ENSG00000283809.1	25	29	27	15	7	17
ENSG00000100033.17	129	161	162	52	38	50
ENSG00000284294.1	0	0	0	5	3	7
ENSG00000280418.1	0	1	0	0	3	0
ENSG00000273032.3	286	322	265	17	12	17
ENSG00000283583.1	6	7	3	1	0	2
ENSG00000237517.10	46	63	59	1	0	2
ENSG00000271275.1	11	9	12	1	0	0
ENSG00000283366.2	7	7	10	0	1	0
ENSG00000270393.1	21	18	21	2	1	2
ENSG00000286025.2	8	17	18	2	3	1
ENSG00000241527.1	4	5	7	1	2	1
ENSG00000070413.20	298	353	310	305	174	269
ENSG00000206739.1	3	0	0	1	1	2
ENSG00000273311.1	5	12	12	22	6	15
ENSG00000237347.2	1	1	0	0	2	0
ENSG00000281530.1	2	2	8	2	2	5
ENSG00000223461.1	5	4	5	4	3	5
ENSG00000272682.1	2	1	1	0	3	1
ENSG00000231086.1	2	0	0	0	2	1
ENSG00000100056.12	50	57	44	81	40	71
ENSG00000206203.5	4	6	6	6	3	5
ENSG00000063515.3	0	0	1	0	1	0
ENSG00000289481.2	1	0	0	1	2	0
ENSG00000260924.3	3	1	3	11	8	11
ENSG00000100075.10	33	48	40	219	133	212
ENSG00000070371.16	33	41	36	100	69	80
ENSG00000286367.1	2	2	4	9	9	9
ENSG00000230194.1	0	0	1	0	1	0
ENSG00000251940.1	0	0	0	0	1	0
ENSG00000233471.2	1	1	1	1	0	1
ENSG00000287146.1	0	1	1	3	2	1
ENSG00000100084.14	89	106	67	244	170	179
ENSG00000242259.9	131	164	130	284	230	233
ENSG00000244296.3	0	1	0	4	2	1
ENSG00000185608.9	29	36	27	110	68	86
ENSG00000185065.6	6	5	2	9	8	8
ENSG00000070010.19	48	71	60	260	183	194
ENSG00000273300.1	2	5	5	7	14	7
ENSG00000273212.1	5	10	7	33	32	28
ENSG00000093009.11	2	1	0	229	153	172
ENSG00000287652.1	2	7	3	4	0	0
ENSG00000184113.10	56	83	55	2	2	0
ENSG00000281548.1	0	0	0	0	0	0
ENSG00000230485.1	0	0	0	0	1	0
ENSG00000225007.1	0	0	0	0	0	0
ENSG00000184702.20	552	719	629	161	110	140
ENSG00000284874.1	586	747	660	170	116	146
ENSG00000203618.6	32	34	30	15	8	15
ENSG00000184058.16	1	0	2	9	10	8
ENSG00000185838.14	17	24	13	52	43	43
ENSG00000235776.2	1	0	0	2	1	1
ENSG00000215012.9	84	130	99	218	156	172
ENSG00000289960.1	3	0	1	6	5	4
ENSG00000184470.21	58	56	43	86	74	76
ENSG00000232926.1	2	9	2	8	4	4
ENSG00000289946.1	2	1	2	4	2	1
ENSG00000093010.15	117	142	118	233	138	184
ENSG00000284031.1	8	16	14	29	9	34
ENSG00000099889.14	141	158	136	85	37	52
ENSG00000183597.16	63	93	78	116	66	72
ENSG00000208023.3	0	0	0	0	0	0
ENSG00000236540.7	21	27	21	30	17	28
ENSG00000268292.1	18	30	34	49	14	20
ENSG00000277950.1	0	0	1	0	1	0
ENSG00000128191.16	92	108	76	280	184	235
ENSG00000284140.1	5	3	0	4	5	7
ENSG00000284464.1	2	5	1	9	11	7
ENSG00000243762.1	8	11	9	56	28	38
ENSG00000099899.15	56	74	49	191	92	146
ENSG00000278278.1	4	2	0	2	4	4
ENSG00000099901.17	68	93	76	627	411	498
ENSG00000264346.1	2	5	2	9	4	2
ENSG00000099904.16	93	94	91	110	80	78
ENSG00000234409.7	6	5	4	3	3	2
ENSG00000249923.1	0	1	3	0	0	0
ENSG00000236499.3	0	3	0	7	4	7
ENSG00000040608.14	73	91	83	19	11	11
ENSG00000221039.3	1	3	0	0	0	0
ENSG00000161132.6	2	1	1	1	4	1
ENSG00000128185.10	59	55	44	101	53	94
ENSG00000273343.1	2	2	3	1	1	4
ENSG00000273139.2	7	3	6	4	0	2
ENSG00000188280.11	0	0	0	3	6	0
ENSG00000235578.1	0	0	0	1	0	0
ENSG00000287446.1	0	0	0	1	2	0
ENSG00000161133.18	0	0	2	7	4	5
ENSG00000185252.19	38	40	42	106	76	88
ENSG00000207343.1	0	0	0	0	0	0
ENSG00000244486.9	13	7	3	47	27	50
ENSG00000277971.1	13	14	15	25	11	28
ENSG00000099910.17	70	89	87	92	56	84
ENSG00000215493.3	4	8	13	10	5	3
ENSG00000255156.1	0	0	0	0	0	0
ENSG00000201916.1	0	0	0	1	0	0
ENSG00000242876.3	0	0	3	1	0	3
ENSG00000236670.1	5	3	3	10	2	15
ENSG00000099917.17	95	117	90	268	153	210
ENSG00000236003.1	1	2	0	4	4	3
ENSG00000250261.1	3	10	7	19	9	11
ENSG00000223553.6	2	4	2	1	3	1
ENSG00000276427.1	0	0	0	0	1	0
ENSG00000238125.1	0	0	0	0	0	2
ENSG00000229107.2	1	1	3	0	2	3
ENSG00000217261.4	2	5	4	0	2	0
ENSG00000235062.4	0	0	0	0	0	0
ENSG00000226287.9	7	12	6	1	5	12
ENSG00000241973.11	1161	1253	1141	478	357	434
ENSG00000099937.11	12	11	8	157	109	122
ENSG00000099940.12	42	59	52	131	86	91
ENSG00000272600.1	4	4	4	10	5	9
ENSG00000099942.13	343	419	365	746	477	607
ENSG00000237476.2	5	3	4	1	6	0
ENSG00000183773.16	90	88	110	8	10	10
ENSG00000285314.1	108	138	102	219	137	169
ENSG00000272829.2	6	7	2	2	3	2
ENSG00000099949.22	146	183	131	304	189	225
ENSG00000184436.12	35	58	42	94	73	86
ENSG00000230513.4	10	14	19	18	9	15
ENSG00000284060.1	5	7	10	11	4	3
ENSG00000161149.12	6	5	11	10	9	8
ENSG00000099957.17	31	31	29	21	19	27
ENSG00000284130.1	2	3	2	4	6	0
ENSG00000099960.13	20	28	19	9	4	3
ENSG00000226872.2	4	5	6	0	1	0
ENSG00000207575.1	0	0	0	0	0	1
ENSG00000206145.8	5	2	2	1	1	2
ENSG00000187905.11	1	3	2	1	1	1
ENSG00000249680.2	0	0	0	0	0	0
ENSG00000284665.1	0	0	0	0	1	0
ENSG00000169668.13	9	15	13	9	11	5
ENSG00000197210.7	5	7	4	5	9	2
ENSG00000239511.2	3	1	2	0	0	0
ENSG00000224688.1	0	1	0	0	0	0
ENSG00000215498.9	1	2	1	2	7	1
ENSG00000234503.1	0	0	0	1	0	0
ENSG00000283972.1	0	0	0	2	2	0
ENSG00000133475.18	0	3	3	8	7	4
ENSG00000283145.1	0	0	0	0	0	0
ENSG00000226885.1	0	0	0	0	0	0
ENSG00000229266.1	0	1	0	0	0	0
ENSG00000169662.8	0	1	1	0	1	0
ENSG00000206142.9	1	1	1	1	7	1
ENSG00000237407.1	0	0	0	0	0	0
ENSG00000232771.2	0	0	0	0	1	1
ENSG00000279920.2	0	0	0	0	0	0
ENSG00000286102.1	0	0	0	0	0	0
ENSG00000226534.1	0	0	0	0	0	0
ENSG00000273846.1	0	0	0	0	0	0
ENSG00000274600.2	2	3	6	18	21	11
ENSG00000200057.1	0	0	0	0	0	0
ENSG00000252020.1	0	0	0	0	0	0
ENSG00000275840.1	0	0	0	0	0	0
ENSG00000169635.10	30	25	28	203	107	139
ENSG00000276800.1	0	0	0	0	1	0
ENSG00000206140.12	9	10	10	3	10	11
ENSG00000183506.17	118	146	127	258	180	199
ENSG00000252143.1	0	0	0	0	0	0
ENSG00000222352.1	0	0	0	0	0	0
ENSG00000183246.8	2	2	4	17	18	10
ENSG00000185651.16	208	240	197	466	305	349
ENSG00000275293.1	0	0	0	0	0	0
ENSG00000161179.14	18	28	23	149	82	121
ENSG00000161180.11	2	0	1	5	3	2
ENSG00000273342.1	0	0	0	2	1	1
ENSG00000128228.5	5	14	2	51	34	44
ENSG00000207751.4	6	10	2	32	16	29
ENSG00000212102.1	0	0	0	0	0	0
ENSG00000283871.1	0	1	0	1	1	0
ENSG00000284630.1	1	0	0	3	3	5
ENSG00000284651.1	0	1	0	0	0	4
ENSG00000284654.1	0	0	0	1	0	3
ENSG00000284621.1	0	0	0	4	0	1
ENSG00000272954.1	0	0	0	5	5	1
ENSG00000100023.20	122	145	135	312	179	265
ENSG00000100027.17	76	112	89	71	33	55
ENSG00000286365.1	4	5	4	1	1	3
ENSG00000244671.3	1	0	1	1	1	0
ENSG00000286127.1	0	0	1	0	1	1
ENSG00000100030.15	733	936	892	813	480	645
ENSG00000200985.1	0	0	1	3	4	1
ENSG00000289564.1	4	2	2	2	2	4
ENSG00000225544.1	0	1	1	1	0	1
ENSG00000100034.14	88	118	122	236	158	189
ENSG00000224086.6	81	132	110	318	276	295
ENSG00000100038.20	49	71	69	235	197	207
ENSG00000197549.9	0	0	0	0	1	0
ENSG00000253239.1	0	0	0	0	1	0
ENSG00000211637.2	0	0	0	0	0	0
ENSG00000254355.1	0	0	0	0	0	0
ENSG00000278657.1	0	0	0	0	1	0
ENSG00000249333.1	0	0	0	0	1	0
ENSG00000253794.1	0	0	0	0	1	0
ENSG00000228161.1	0	0	0	0	0	0
ENSG00000253874.1	0	0	0	0	0	0
ENSG00000254075.1	0	0	0	0	0	0
ENSG00000254161.1	0	0	0	0	0	0
ENSG00000253242.1	0	0	0	0	0	0
ENSG00000253752.1	0	0	0	0	1	0
ENSG00000253823.1	0	0	0	0	2	0
ENSG00000275361.1	0	0	0	0	0	0
ENSG00000211638.2	0	0	0	0	0	0
ENSG00000225741.1	0	0	0	0	0	0
ENSG00000263366.2	1	0	0	0	0	0
ENSG00000236118.1	0	0	0	0	0	0
ENSG00000233720.1	0	0	0	0	0	0
ENSG00000211639.2	0	0	0	0	0	0
ENSG00000227710.1	0	0	0	0	0	0
ENSG00000224465.1	0	0	0	0	1	0
ENSG00000254308.1	0	0	0	0	0	0
ENSG00000253637.1	0	0	0	0	0	0
ENSG00000236323.1	0	0	0	0	0	0
ENSG00000211640.4	0	0	0	1	0	0
ENSG00000253126.1	0	0	0	0	0	0
ENSG00000211641.3	0	0	0	0	0	0
ENSG00000211642.4	0	0	0	0	0	0
ENSG00000253935.1	0	0	0	0	1	0
ENSG00000228050.1	5	17	10	47	31	38
ENSG00000234726.1	0	0	0	0	1	0
ENSG00000169575.5	0	0	0	1	0	1
ENSG00000279278.1	11	14	18	16	15	12
ENSG00000274422.1	2	0	2	2	6	0
ENSG00000234630.1	0	0	0	0	0	0
ENSG00000286129.1	58	79	61	96	61	78
ENSG00000272779.1	45	56	38	79	48	67
ENSG00000211643.2	10	19	18	18	9	10
ENSG00000211644.3	2	6	1	0	2	0
ENSG00000211645.2	1	3	0	0	0	0
ENSG00000225724.1	0	0	0	0	1	0
ENSG00000223350.2	0	0	0	0	1	0
ENSG00000232515.1	0	0	0	0	0	0
ENSG00000211647.1	0	0	0	0	0	0
ENSG00000211648.2	0	0	0	0	0	0
ENSG00000237428.1	0	0	0	0	1	0
ENSG00000211649.3	0	0	0	0	0	0
ENSG00000232603.1	0	0	0	0	0	0
ENSG00000211650.2	0	0	0	0	0	0
ENSG00000211651.3	0	0	0	0	0	0
ENSG00000211652.2	0	0	0	0	0	0
ENSG00000254175.1	0	0	0	0	0	0
ENSG00000254073.1	0	0	0	0	0	0
ENSG00000253818.1	0	0	0	0	0	0
ENSG00000211653.2	0	0	0	0	1	0
ENSG00000224144.1	0	0	0	0	0	0
ENSG00000253889.1	0	0	0	0	1	0
ENSG00000211654.2	0	0	0	0	0	0
ENSG00000211655.3	0	0	0	0	1	0
ENSG00000230821.1	0	1	0	0	1	0
ENSG00000253631.1	0	0	0	0	0	0
ENSG00000226595.1	0	0	1	0	0	0
ENSG00000275004.4	28	37	39	63	55	42
ENSG00000169548.3	0	0	0	11	10	14
ENSG00000185686.18	0	0	0	811	465	599
ENSG00000220891.1	0	0	0	1	1	0
ENSG00000253120.1	0	0	0	0	0	0
ENSG00000211656.3	0	0	0	103	85	105
ENSG00000211657.3	0	0	0	0	0	0
ENSG00000253920.1	0	0	0	0	1	0
ENSG00000253329.1	0	0	0	0	0	0
ENSG00000215456.6	0	2	0	0	2	0
ENSG00000286941.1	2	1	0	2	4	0
ENSG00000183169.6	0	0	0	0	3	0
ENSG00000100121.14	0	1	3	9	4	4
ENSG00000253338.1	0	0	0	0	1	0
ENSG00000253451.1	0	0	0	0	0	0
ENSG00000211658.2	0	0	0	2	0	0
ENSG00000253913.1	0	0	0	0	0	0
ENSG00000253779.1	0	0	0	0	0	0
ENSG00000211659.2	0	0	0	0	2	0
ENSG00000232350.1	0	0	0	0	0	0
ENSG00000223999.1	0	0	0	0	0	0
ENSG00000253822.1	0	0	0	0	0	0
ENSG00000211660.3	0	0	0	103	85	105
ENSG00000253546.1	0	0	0	0	0	0
ENSG00000211661.2	0	0	0	0	0	0
ENSG00000211662.2	0	0	0	0	0	0
ENSG00000254240.1	0	0	0	0	0	0
ENSG00000211663.2	0	0	0	0	1	0
ENSG00000278667.1	0	0	0	0	0	0
ENSG00000211664.3	0	0	0	0	0	0
ENSG00000253152.1	0	0	0	0	0	0
ENSG00000211665.3	0	0	0	0	0	0
ENSG00000253786.1	0	0	0	0	0	0
ENSG00000288861.1	0	0	0	2	2	0
ENSG00000211666.2	0	0	0	75	61	69
ENSG00000253590.1	0	0	0	0	0	0
ENSG00000211667.3	0	0	0	0	0	0
ENSG00000231392.1	0	0	0	0	0	0
ENSG00000275772.1	0	0	0	0	0	0
ENSG00000289120.2	0	0	0	0	2	0
ENSG00000211668.2	0	0	0	0	0	0
ENSG00000274381.1	0	0	0	0	0	0
ENSG00000211669.3	0	0	0	0	0	0
ENSG00000226477.1	0	0	0	0	0	0
ENSG00000211670.2	0	0	0	0	1	0
ENSG00000278196.3	1	0	0	1	1	0
ENSG00000284049.1	0	0	0	0	1	0
ENSG00000237127.1	0	0	0	0	1	0
ENSG00000254077.1	0	0	0	0	0	0
ENSG00000253448.1	0	0	0	0	0	0
ENSG00000253234.1	0	0	0	0	1	0
ENSG00000226420.1	0	0	0	0	0	0
ENSG00000211672.2	0	0	0	0	0	0
ENSG00000253963.1	0	0	0	0	0	0
ENSG00000211673.2	0	0	0	0	0	0
ENSG00000264824.1	0	0	0	0	1	0
ENSG00000254709.8	1	0	0	384	66	113
ENSG00000211674.2	0	0	0	0	0	0
ENSG00000211675.2	1	0	0	384	66	113
ENSG00000211676.2	1	0	0	36	53	27
ENSG00000211677.2	1	0	0	5723	3639	4460
ENSG00000211678.2	0	0	0	0	1	0
ENSG00000211679.2	0	0	0	4583	2835	3625
ENSG00000211680.2	0	0	0	0	0	0
ENSG00000254029.1	0	0	0	2	2	0
ENSG00000211681.2	0	0	0	0	0	0
ENSG00000254030.1	0	0	0	23	17	29
ENSG00000211682.2	0	0	0	0	0	0
ENSG00000222037.5	0	0	0	327	133	209
ENSG00000211684.2	0	0	0	0	0	0
ENSG00000211685.3	0	0	0	18	8	17
ENSG00000237472.1	0	0	0	0	0	0
ENSG00000223679.1	0	0	0	1	0	0
ENSG00000100218.12	18	27	26	4	1	1
ENSG00000128266.9	232	257	220	34	18	27
ENSG00000283438.1	1	0	0	0	0	0
ENSG00000275635.1	0	0	0	0	0	0
ENSG00000100228.14	33	36	35	24	15	18
ENSG00000186716.21	238	377	313	333	208	271
ENSG00000236794.5	0	1	0	0	0	1
ENSG00000240160.3	1	1	0	1	0	2
ENSG00000230701.2	2	4	5	8	6	10
ENSG00000214526.3	0	2	0	0	0	0
ENSG00000236611.1	0	0	1	0	0	0
ENSG00000215478.8	2	2	0	0	1	0
ENSG00000133519.13	20	16	14	1	2	3
ENSG00000248409.2	6	2	1	1	0	0
ENSG00000234928.3	0	0	0	0	1	1
ENSG00000227755.1	0	1	0	1	3	0
ENSG00000178248.11	0	0	1	0	1	0
ENSG00000287864.1	0	0	0	5	5	1
ENSG00000225413.2	0	0	0	4	4	3
ENSG00000280623.1	0	0	1	201	152	179
ENSG00000224277.5	0	0	0	0	2	0
ENSG00000128322.7	0	0	0	2	0	2
ENSG00000272733.1	1	3	1	0	1	0
ENSG00000278655.1	0	1	0	1	1	1
ENSG00000189269.12	2	2	2	0	4	3
ENSG00000275609.1	0	0	1	0	0	1
ENSG00000211683.3	9	9	9	9	7	7
ENSG00000228315.12	129	155	147	148	95	121
ENSG00000234353.2	12	11	13	15	13	9
ENSG00000244723.3	3	1	4	9	6	8
ENSG00000272578.5	77	80	83	94	62	71
ENSG00000159496.15	59	84	66	69	46	46
ENSG00000187792.5	26	47	32	80	48	41
ENSG00000128218.8	0	0	0	0	0	3
ENSG00000169314.15	20	37	19	28	25	24
ENSG00000250479.9	46	58	38	50	38	50
ENSG00000099953.10	3	1	2	37	20	27
ENSG00000099956.20	91	102	85	253	191	224
ENSG00000099958.15	4	8	7	77	43	75
ENSG00000272973.2	1	10	8	4	0	3
ENSG00000133460.20	64	83	60	44	55	42
ENSG00000251357.4	105	129	114	433	294	436
ENSG00000279467.1	11	11	12	19	15	13
ENSG00000244425.3	1	1	1	4	1	2
ENSG00000240972.2	108	137	117	487	322	502
ENSG00000218537.1	113	138	122	495	333	513
ENSG00000273295.1	11	15	12	30	24	26
ENSG00000225282.1	2	2	1	3	1	7
ENSG00000206090.4	0	0	0	0	0	0
ENSG00000231271.1	0	0	0	0	0	0
ENSG00000133433.11	8	8	7	15	9	10
ENSG00000228039.3	0	0	0	0	0	0
ENSG00000099974.8	42	44	45	122	91	132
ENSG00000272787.1	1	1	1	1	4	3
ENSG00000099977.15	42	46	44	113	97	135
ENSG00000285762.1	38	44	39	108	83	127
ENSG00000224205.2	0	0	0	1	0	0
ENSG00000250470.1	0	0	0	0	0	0
ENSG00000099984.11	5	6	4	8	5	4
ENSG00000276950.6	0	0	0	0	1	1
ENSG00000235689.1	0	0	0	0	1	0
ENSG00000099991.18	278	313	305	498	290	367
ENSG00000232545.1	13	11	7	13	10	13
ENSG00000099994.11	7	8	7	11	17	9
ENSG00000099998.19	24	32	22	8	5	4
ENSG00000230712.3	0	0	2	0	1	0
ENSG00000128262.8	2	7	4	2	4	2
ENSG00000225098.1	0	0	0	0	1	0
ENSG00000215464.4	0	0	0	0	1	0
ENSG00000100014.20	271	346	330	444	260	293
ENSG00000258555.6	226	294	277	320	201	224
ENSG00000128271.22	18	28	17	29	16	20
ENSG00000178803.12	5	11	9	14	13	6
ENSG00000100024.15	0	1	2	1	9	2
ENSG00000228923.1	0	0	0	0	1	0
ENSG00000138867.17	62	65	62	384	212	285
ENSG00000100028.12	154	181	175	378	275	332
ENSG00000286070.2	67	74	87	354	232	293
ENSG00000178026.13	19	30	26	21	24	23
ENSG00000100031.19	10	16	15	101	57	71
ENSG00000230947.2	0	0	0	0	0	0
ENSG00000215481.9	2	6	2	6	10	6
ENSG00000284233.1	0	0	0	0	2	1
ENSG00000284128.1	4	7	4	4	11	9
ENSG00000284070.1	4	9	2	8	11	9
ENSG00000224124.3	0	1	0	1	0	0
ENSG00000224806.2	0	0	0	0	0	0
ENSG00000224334.1	0	0	0	0	1	0
ENSG00000282012.2	0	0	0	0	0	0
ENSG00000237601.1	0	0	0	0	0	0
ENSG00000182351.7	0	0	0	0	1	0
ENSG00000184571.14	0	0	0	1	3	0
ENSG00000167037.19	149	186	159	5	8	7
ENSG00000199783.1	0	0	1	0	0	0
ENSG00000206069.7	0	0	1	0	1	0
ENSG00000197077.14	131	159	134	164	97	145
ENSG00000279085.1	3	6	0	3	6	2
ENSG00000279548.1	0	1	1	1	1	0
ENSG00000279006.1	3	4	3	9	6	6
ENSG00000279110.1	5	5	3	12	19	6
ENSG00000203280.4	7	8	7	4	1	1
ENSG00000271181.1	0	0	0	0	0	0
ENSG00000100053.10	0	1	1	0	0	0
ENSG00000236641.2	0	1	0	1	0	0
ENSG00000244752.3	1	6	0	0	7	0
ENSG00000279298.1	0	0	0	0	0	0
ENSG00000233577.6	0	0	0	0	1	0
ENSG00000285968.1	0	1	0	0	0	0
ENSG00000285690.1	0	1	0	0	0	0
ENSG00000206066.3	0	0	0	0	0	0
ENSG00000230637.2	0	1	0	2	2	2
ENSG00000231466.2	0	2	2	4	1	1
ENSG00000100068.14	7	6	5	43	24	26
ENSG00000272942.1	1	0	0	1	2	1
ENSG00000272798.1	0	5	0	0	2	3
ENSG00000271138.1	0	0	0	0	0	0
ENSG00000100058.14	25	36	26	57	44	55
ENSG00000277872.1	1	3	2	0	3	1
ENSG00000272977.1	10	18	11	11	8	4
ENSG00000234884.2	1	2	0	1	3	2
ENSG00000100077.16	207	286	261	170	134	128
ENSG00000237387.1	0	0	1	2	3	5
ENSG00000224003.1	3	5	4	9	4	4
ENSG00000222585.1	0	0	0	0	0	0
ENSG00000133454.16	0	0	0	85	89	70
ENSG00000278960.1	0	0	0	2	1	3
ENSG00000231933.7	0	0	0	3	10	9
ENSG00000232464.1	0	0	0	0	0	0
ENSG00000223056.1	0	0	0	0	0	0
ENSG00000232050.1	0	0	0	0	0	0
ENSG00000236464.1	0	0	0	0	1	0
ENSG00000229770.2	3	0	0	0	2	1
ENSG00000100095.19	398	508	455	15	17	22
ENSG00000224192.2	3	5	2	0	0	0
ENSG00000252267.1	0	0	0	0	0	0
ENSG00000230203.1	0	0	0	0	1	0
ENSG00000128203.7	59	72	101	23	16	27
ENSG00000100099.22	161	239	270	363	243	302
ENSG00000100104.13	64	71	78	126	84	102
ENSG00000100109.17	92	127	89	210	111	146
ENSG00000261188.3	14	23	13	26	13	17
ENSG00000128294.16	38	40	38	85	46	85
ENSG00000221760.1	0	0	0	2	0	0
ENSG00000213707.2	2	3	2	9	10	6
ENSG00000286326.1	1	0	2	1	1	2
ENSG00000100122.7	2	0	1	3	3	3
ENSG00000196431.4	1	0	0	0	1	1
ENSG00000226912.1	0	0	0	0	1	0
ENSG00000225783.9	644	722	700	69	56	67
ENSG00000278404.1	5	7	8	0	2	1
ENSG00000206028.1	155	222	200	25	12	22
ENSG00000277941.1	14	12	17	1	0	0
ENSG00000275942.1	22	28	25	2	0	2
ENSG00000244625.7	42	36	47	33	35	27
ENSG00000276991.1	44	53	35	1	5	6
ENSG00000223704.2	4	4	7	3	11	3
ENSG00000231369.1	0	0	0	0	0	0
ENSG00000235271.6	0	1	1	0	1	0
ENSG00000279440.1	0	0	0	0	8	0
ENSG00000200443.1	0	0	0	0	0	0
ENSG00000279914.1	0	0	0	0	0	0
ENSG00000279848.1	0	0	0	0	0	0
ENSG00000236858.2	1	0	0	0	2	0
ENSG00000280025.1	0	0	0	1	4	0
ENSG00000231405.1	0	0	0	0	1	0
ENSG00000238195.1	0	0	0	0	1	0
ENSG00000233521.8	1	0	0	2	2	3
ENSG00000233574.1	0	0	0	0	0	0
ENSG00000223726.1	0	0	0	0	1	0
ENSG00000226741.2	0	0	0	0	3	0
ENSG00000230051.3	4	3	2	0	1	0
ENSG00000280445.1	0	0	0	1	0	0
ENSG00000287034.1	1	0	0	0	2	0
ENSG00000227880.1	0	0	0	0	0	0
ENSG00000224027.1	0	0	0	0	2	0
ENSG00000289489.1	0	0	0	1	0	0
ENSG00000227838.1	0	0	0	2	1	1
ENSG00000231495.1	0	0	0	0	0	0
ENSG00000226169.1	0	0	0	0	1	0
ENSG00000169184.7	44	34	32	124	88	126
ENSG00000180957.19	81	92	66	115	85	86
ENSG00000235954.9	63	97	90	90	75	83
ENSG00000277460.1	3	3	2	6	2	4
ENSG00000264073.1	1	0	0	1	0	1
ENSG00000283225.1	1	0	0	1	0	1
ENSG00000276150.1	0	1	4	14	7	8
ENSG00000100154.15	96	148	93	198	117	115
ENSG00000274342.1	2	2	1	0	1	0
ENSG00000276675.1	0	2	2	1	1	1
ENSG00000239249.3	1	0	0	0	0	0
ENSG00000201209.1	0	0	0	0	0	0
ENSG00000199797.1	0	1	0	0	0	0
ENSG00000276162.1	0	0	1	3	2	2
ENSG00000266503.2	0	0	0	0	0	1
ENSG00000183765.23	3	7	4	107	89	100
ENSG00000100209.11	9	9	12	43	28	19
ENSG00000159873.10	68	74	58	253	171	174
ENSG00000100219.17	66	102	78	1071	631	756
ENSG00000226471.7	4	9	3	10	11	16
ENSG00000272858.1	1	0	0	4	3	2
ENSG00000224256.1	0	0	0	0	0	0
ENSG00000183579.16	97	104	102	94	87	82
ENSG00000235786.1	1	6	3	4	3	2
ENSG00000177993.3	6	3	3	8	2	2
ENSG00000100249.5	0	2	0	0	1	0
ENSG00000183762.13	50	61	36	72	58	68
ENSG00000226772.1	1	0	3	0	0	0
ENSG00000200871.1	1	0	0	0	0	0
ENSG00000251952.1	0	0	0	0	0	0
ENSG00000186998.16	11	19	29	11	6	7
ENSG00000100263.14	24	38	33	78	58	65
ENSG00000237015.1	3	1	4	10	3	5
ENSG00000182944.18	343	354	358	906	656	827
ENSG00000185340.16	70	74	65	30	22	33
ENSG00000100276.10	9	27	17	0	2	0
ENSG00000273216.1	0	0	1	1	0	0
ENSG00000100280.17	233	278	264	359	259	277
ENSG00000280968.1	2	1	0	2	1	2
ENSG00000239127.1	2	1	0	2	1	2
ENSG00000285697.1	2	0	0	1	3	3
ENSG00000242156.1	5	8	6	12	15	13
ENSG00000278292.1	0	0	0	0	1	0
ENSG00000225465.10	180	179	183	7	4	1
ENSG00000128250.5	64	63	70	1	0	0
ENSG00000100285.10	200	264	253	27	24	20
ENSG00000282816.1	11	12	2	0	0	0
ENSG00000100296.14	87	129	83	260	159	176
ENSG00000234208.1	0	0	1	1	2	0
ENSG00000184117.12	110	130	129	307	197	241
ENSG00000186575.19	204	272	235	440	300	339
ENSG00000233010.1	2	4	1	2	0	3
ENSG00000232396.2	0	1	0	0	1	0
ENSG00000100314.4	26	34	36	28	10	15
ENSG00000100319.13	26	25	18	44	29	23
ENSG00000200976.1	0	0	0	0	0	0
ENSG00000287967.1	36	46	58	96	62	71
ENSG00000184076.13	81	95	101	184	96	133
ENSG00000100325.15	35	43	39	143	87	128
ENSG00000100330.16	226	272	247	220	134	161
ENSG00000207455.1	0	0	0	0	0	0
ENSG00000279159.1	263	320	289	272	182	218
ENSG00000275818.1	0	1	1	0	1	2
ENSG00000227117.6	7	7	10	7	3	9
ENSG00000227201.2	0	1	0	0	1	0
ENSG00000176635.18	0	0	0	1	5	0
ENSG00000226573.1	0	0	0	0	0	0
ENSG00000225971.1	0	0	0	0	0	0
ENSG00000225676.2	0	0	0	0	4	0
ENSG00000289846.1	0	0	0	0	1	0
ENSG00000232530.1	0	0	0	4	3	1
ENSG00000128342.5	2	3	3	153	95	106
ENSG00000268812.3	0	0	0	5	5	4
ENSG00000099985.4	0	0	1	0	0	2
ENSG00000289888.1	0	0	0	0	0	0
ENSG00000279699.1	2	2	0	0	1	1
ENSG00000239282.8	17	14	10	16	8	10
ENSG00000248751.6	23	22	21	45	26	28
ENSG00000099992.16	18	26	23	62	44	50
ENSG00000099995.19	184	239	185	385	251	292
ENSG00000187860.11	14	35	25	31	17	35
ENSG00000099999.15	59	78	53	73	45	58
ENSG00000100003.18	74	104	92	56	43	44
ENSG00000249590.7	29	35	34	84	54	62
ENSG00000273350.1	3	6	4	4	6	4
ENSG00000222915.1	1	2	0	0	0	0
ENSG00000272689.1	0	3	2	5	4	2
ENSG00000242114.6	3	7	7	70	46	52
ENSG00000273428.4	0	0	0	3	1	1
ENSG00000230137.1	0	0	0	1	0	0
ENSG00000100012.12	1	0	0	0	2	0
ENSG00000181123.8	0	0	1	0	0	0
ENSG00000214161.3	0	0	0	0	0	0
ENSG00000133488.15	0	0	1	3	2	4
ENSG00000214491.9	3	12	3	3	7	5
ENSG00000225774.2	0	0	0	0	0	0
ENSG00000128242.13	18	18	21	4	6	4
ENSG00000100029.18	65	79	71	269	200	254
ENSG00000223831.1	0	0	0	0	1	0
ENSG00000185339.10	21	27	26	56	46	43
ENSG00000100036.13	23	38	38	29	22	15
ENSG00000167065.14	11	19	20	20	19	10
ENSG00000250318.1	1	2	1	2	1	1
ENSG00000288153.1	0	1	0	0	0	2
ENSG00000184792.16	115	137	97	112	54	81
ENSG00000264661.3	1	0	0	0	0	0
ENSG00000237977.1	1	4	9	3	6	6
ENSG00000235989.4	15	27	20	32	15	23
ENSG00000133422.14	90	105	70	181	120	181
ENSG00000253352.10	304	354	333	905	606	654
ENSG00000276664.1	9	12	8	27	18	24
ENSG00000276057.1	8	9	11	25	21	25
ENSG00000276965.1	17	26	21	56	47	44
ENSG00000275307.1	21	19	13	54	33	31
ENSG00000269987.1	37	43	43	117	80	74
ENSG00000269972.1	25	24	26	97	51	48
ENSG00000278920.1	0	0	0	3	6	3
ENSG00000240186.3	0	0	0	0	1	0
ENSG00000183963.19	45	52	48	148	97	148
ENSG00000273387.1	7	5	5	26	17	15
ENSG00000198832.11	80	84	75	24	18	18
ENSG00000235573.2	0	0	0	0	0	0
ENSG00000185133.14	58	77	58	7	9	12
ENSG00000100078.4	1	5	2	13	13	7
ENSG00000214125.2	0	0	0	0	0	0
ENSG00000264141.1	0	0	0	0	0	0
ENSG00000138942.17	65	112	81	118	95	103
ENSG00000254835.1	10	15	12	25	19	22
ENSG00000182541.18	94	117	104	114	68	96
ENSG00000199695.1	0	0	0	0	1	0
ENSG00000202019.1	0	0	0	0	1	1
ENSG00000100100.13	112	164	129	51	32	33
ENSG00000228839.5	1	2	5	3	1	3
ENSG00000212542.1	0	0	0	0	0	0
ENSG00000100105.18	72	73	62	190	115	137
ENSG00000213888.3	12	13	13	8	9	6
ENSG00000206615.1	0	0	0	0	0	0
ENSG00000185721.13	86	111	104	199	148	154
ENSG00000184708.18	115	122	113	104	89	85
ENSG00000240591.2	22	31	31	25	20	14
ENSG00000199248.1	1	0	0	0	1	1
ENSG00000198089.16	131	138	130	151	110	139
ENSG00000287817.1	3	1	3	5	5	4
ENSG00000233733.1	2	0	2	0	0	0
ENSG00000229169.1	0	0	0	0	0	0
ENSG00000214093.3	0	1	1	4	1	4
ENSG00000241878.12	200	262	242	156	97	112
ENSG00000284082.1	8	17	16	6	2	2
ENSG00000183530.14	219	267	233	415	288	328
ENSG00000100150.20	53	87	84	86	58	78
ENSG00000285404.1	197	260	211	88	50	68
ENSG00000242251.3	0	0	0	1	2	1
ENSG00000236132.1	0	0	1	1	2	0
ENSG00000252909.1	0	0	0	0	0	0
ENSG00000227813.1	0	1	2	0	0	0
ENSG00000128254.16	10	14	15	11	13	6
ENSG00000128245.15	1023	1358	1139	339	221	292
ENSG00000227519.1	0	0	0	1	0	0
ENSG00000230866.2	1	0	0	0	2	0
ENSG00000240647.3	0	0	0	0	0	0
ENSG00000232346.1	0	0	0	0	0	0
ENSG00000100170.10	0	0	0	0	6	0
ENSG00000234479.2	0	0	0	0	1	0
ENSG00000237439.1	0	0	0	0	0	0
ENSG00000232707.1	0	0	0	0	0	0
ENSG00000239674.2	0	0	0	1	0	0
ENSG00000205856.4	0	2	0	0	1	1
ENSG00000230120.1	0	0	0	0	0	0
ENSG00000275656.1	0	0	0	0	0	0
ENSG00000128253.16	8	3	11	1	2	0
ENSG00000254127.1	0	0	0	0	0	1
ENSG00000242082.2	51	62	58	12	18	18
ENSG00000100191.6	8	12	5	12	8	4
ENSG00000289873.1	0	0	0	0	1	2
ENSG00000214076.3	43	52	48	7	12	12
ENSG00000273325.1	0	3	0	1	0	0
ENSG00000234626.2	0	1	1	1	2	0
ENSG00000128276.10	2	3	1	0	1	3
ENSG00000271093.1	0	0	0	0	0	0
ENSG00000205853.12	5	5	2	1	5	3
ENSG00000274617.1	0	1	0	0	0	0
ENSG00000274170.1	1	0	0	0	0	0
ENSG00000230736.2	0	4	3	1	1	1
ENSG00000243519.1	0	0	0	0	0	0
ENSG00000241954.1	0	2	1	3	2	0
ENSG00000232218.1	2	0	0	2	0	1
ENSG00000100220.12	109	148	124	333	180	245
ENSG00000184459.10	0	0	0	0	2	0
ENSG00000100225.18	162	179	197	420	370	365
ENSG00000185666.15	148	177	151	16	16	16
ENSG00000236054.1	1	4	5	1	1	1
ENSG00000251890.1	0	0	0	0	0	0
ENSG00000229673.1	0	0	1	0	1	0
ENSG00000100234.12	214	267	241	796	481	593
ENSG00000228194.1	0	0	0	0	0	0
ENSG00000231253.2	0	0	0	0	0	0
ENSG00000228622.1	0	0	0	0	0	0
ENSG00000233632.1	0	0	0	0	1	0
ENSG00000133424.22	174	215	206	89	65	82
ENSG00000232073.1	2	0	1	2	2	0
ENSG00000230741.1	1	1	2	3	1	0
ENSG00000266012.1	1	0	0	0	0	0
ENSG00000253007.2	0	1	0	1	0	0
ENSG00000281295.1	0	1	0	1	0	0
ENSG00000232081.1	0	0	0	0	0	1
ENSG00000224973.6	7	6	5	5	6	5
ENSG00000273082.1	0	0	1	2	0	0
ENSG00000236052.2	2	3	1	0	5	0
ENSG00000224404.2	12	9	13	0	1	0
ENSG00000235485.1	0	0	0	0	0	0
ENSG00000280356.1	0	0	0	3	4	2
ENSG00000234891.1	2	3	0	0	1	0
ENSG00000237316.1	0	0	1	0	0	0
ENSG00000286592.2	5	2	1	2	7	4
ENSG00000175329.13	0	0	0	6	4	1
ENSG00000233080.3	0	0	0	8	5	5
ENSG00000273068.1	0	0	0	0	0	0
ENSG00000238153.1	0	0	0	3	2	0
ENSG00000238584.1	0	0	0	0	0	0
ENSG00000100281.14	32	45	49	124	102	101
ENSG00000273176.1	2	0	1	0	0	0
ENSG00000100284.22	96	119	101	83	53	67
ENSG00000266320.1	1	0	0	1	1	0
ENSG00000274280.1	0	0	0	0	0	0
ENSG00000282602.1	0	0	0	0	0	0
ENSG00000282041.1	0	0	0	0	0	0
ENSG00000100292.18	13	18	12	83	49	79
ENSG00000100297.16	28	31	34	521	285	434
ENSG00000233388.2	0	0	0	4	1	4
ENSG00000273044.1	0	0	0	0	0	0
ENSG00000100302.7	55	78	59	14	14	17
ENSG00000288777.1	0	0	0	0	1	1
ENSG00000198125.13	0	1	0	9	8	8
ENSG00000268818.2	0	0	0	0	1	0
ENSG00000221963.6	63	54	55	329	195	253
ENSG00000228587.1	0	0	0	0	0	0
ENSG00000226336.2	0	0	0	0	0	0
ENSG00000128313.2	0	0	1	0	0	0
ENSG00000100320.24	636	754	719	525	369	412
ENSG00000237406.1	3	3	2	4	4	3
ENSG00000279652.1	10	8	4	21	23	17
ENSG00000279927.1	0	0	0	0	0	0
ENSG00000279217.1	0	0	0	0	9	0
ENSG00000279714.1	0	0	0	0	0	0
ENSG00000279805.1	1	2	3	2	1	0
ENSG00000128284.20	8	6	12	37	32	19
ENSG00000233764.1	0	0	0	0	1	0
ENSG00000231576.1	0	0	0	0	0	0
ENSG00000237948.1	0	0	0	0	1	0
ENSG00000225557.1	0	0	0	0	1	0
ENSG00000237129.1	0	0	0	0	0	0
ENSG00000229088.1	0	0	0	0	1	0
ENSG00000100336.18	11	6	8	9	5	4
ENSG00000288778.2	0	2	1	0	1	1
ENSG00000128335.14	113	152	132	145	107	113
ENSG00000100342.22	4	9	6	86	62	75
ENSG00000100345.23	458	520	497	2694	1611	2116
ENSG00000278420.1	0	2	2	6	9	8
ENSG00000287269.1	1	1	1	8	2	8
ENSG00000223695.1	1	2	1	2	0	0
ENSG00000237668.1	0	0	0	0	1	0
ENSG00000252225.1	0	0	0	0	0	0
ENSG00000228719.1	0	1	3	0	0	0
ENSG00000100348.10	27	40	39	79	46	38
ENSG00000100350.16	74	106	109	219	109	121
ENSG00000100353.18	102	117	132	734	490	630
ENSG00000188078.5	0	0	0	0	0	1
ENSG00000229971.1	0	0	0	0	0	0
ENSG00000166862.7	82	99	104	0	1	0
ENSG00000261675.1	39	56	44	0	0	0
ENSG00000234688.3	3	2	4	0	0	0
ENSG00000287773.1	0	4	0	0	0	0
ENSG00000100360.15	54	58	56	77	55	59
ENSG00000286485.1	12	8	10	13	12	11
ENSG00000100362.13	98	129	101	24	17	15
ENSG00000234979.1	2	0	0	0	0	0
ENSG00000183822.3	0	0	1	2	6	3
ENSG00000100365.16	3	7	1	23	19	16
ENSG00000100368.15	2	4	4	48	41	39
ENSG00000232254.1	0	0	0	0	1	0
ENSG00000215403.1	0	0	0	0	1	0
ENSG00000185264.12	0	0	0	0	0	0
ENSG00000128311.14	18	20	18	85	58	49
ENSG00000252412.1	1	1	1	2	0	0
ENSG00000128309.17	33	28	33	127	72	109
ENSG00000287236.1	0	1	0	0	2	0
ENSG00000100379.18	47	72	72	33	20	14
ENSG00000201078.1	0	0	0	1	0	0
ENSG00000187045.19	1	3	0	5	5	3
ENSG00000231467.2	0	0	0	0	1	0
ENSG00000100385.15	1	0	0	5	9	4
ENSG00000235237.1	0	0	0	14	4	9
ENSG00000133466.14	11	8	10	95	69	70
ENSG00000278195.2	30	35	46	14	12	12
ENSG00000226233.1	0	0	0	0	0	0
ENSG00000128340.16	8	8	5	110	79	92
ENSG00000100055.21	12	18	16	22	19	12
ENSG00000237862.3	2	4	4	1	5	0
ENSG00000243902.6	3	6	4	0	2	0
ENSG00000166897.16	114	146	120	19	17	27
ENSG00000272694.1	20	19	18	1	3	6
ENSG00000100060.18	4	5	6	74	28	47
ENSG00000100065.15	2	5	5	90	73	73
ENSG00000225867.2	2	1	1	0	0	0
ENSG00000128283.7	66	98	63	140	78	121
ENSG00000100079.7	0	0	0	7	5	3
ENSG00000273866.1	0	0	0	0	1	0
ENSG00000100083.19	117	151	125	299	188	217
ENSG00000100092.24	24	17	21	88	53	59
ENSG00000285304.1	224	289	247	199	111	161
ENSG00000233360.4	5	10	12	47	25	28
ENSG00000241360.2	209	279	235	139	75	113
ENSG00000241333.3	0	1	0	0	0	0
ENSG00000100097.12	76	91	77	704	424	596
ENSG00000273899.5	22	29	39	73	39	47
ENSG00000100101.15	15	25	29	54	29	35
ENSG00000100106.22	42	37	32	211	128	168
ENSG00000189060.6	105	144	112	249	161	186
ENSG00000100116.17	34	27	33	74	56	49
ENSG00000128310.3	0	0	2	1	1	0
ENSG00000100124.15	33	52	56	93	51	81
ENSG00000284197.1	0	3	1	0	0	3
ENSG00000207696.1	0	0	0	1	0	0
ENSG00000100129.18	339	377	360	1252	775	1033
ENSG00000279738.1	164	184	173	627	361	466
ENSG00000207227.1	0	0	0	1	0	0
ENSG00000100139.14	52	64	63	150	99	118
ENSG00000278948.1	16	28	13	32	25	25
ENSG00000128346.11	17	27	19	39	30	29
ENSG00000272582.1	0	1	1	0	1	0
ENSG00000100142.16	61	84	68	112	82	81
ENSG00000284289.1	0	0	1	0	1	0
ENSG00000100146.20	111	153	128	121	75	90
ENSG00000284266.1	0	3	0	3	0	1
ENSG00000222044.1	6	3	10	4	7	0
ENSG00000273214.1	0	0	1	0	1	0
ENSG00000100151.16	84	80	86	48	33	62
ENSG00000233739.1	11	10	8	4	2	6
ENSG00000100156.12	9	13	12	11	6	6
ENSG00000128298.18	14	28	20	28	14	10
ENSG00000272720.1	10	3	3	4	2	3
ENSG00000184381.20	77	73	83	119	71	75
ENSG00000279080.1	21	20	26	35	23	30
ENSG00000185022.12	31	27	20	96	62	65
ENSG00000198792.13	207	242	218	187	141	170
ENSG00000235246.1	15	18	12	11	13	10
ENSG00000241693.2	0	0	0	1	1	0
ENSG00000277385.1	0	0	0	0	0	0
ENSG00000213923.13	223	231	221	595	339	450
ENSG00000283900.1	126	128	124	303	190	237
ENSG00000244627.5	13	16	12	33	35	29
ENSG00000229955.1	2	0	1	6	4	4
ENSG00000286144.1	0	0	0	0	0	0
ENSG00000228620.1	28	19	10	1	0	2
ENSG00000168135.4	64	81	57	2	1	3
ENSG00000286440.1	0	0	0	0	0	0
ENSG00000100196.11	16	13	19	131	105	110
ENSG00000100201.23	1526	1784	1623	2777	1800	2219
ENSG00000100206.11	2	4	1	15	11	7
ENSG00000224279.2	1	0	0	0	0	0
ENSG00000184949.18	16	12	17	40	48	22
ENSG00000100211.12	24	29	24	42	28	46
ENSG00000230912.1	3	1	0	0	4	2
ENSG00000228274.5	22	19	30	30	20	21
ENSG00000287219.1	0	2	6	2	2	0
ENSG00000100216.6	52	65	51	174	110	154
ENSG00000100221.11	147	160	132	255	199	206
ENSG00000100226.16	237	293	243	401	229	311
ENSG00000229598.1	3	5	2	11	3	10
ENSG00000100242.16	435	553	472	429	264	374
ENSG00000244491.1	66	88	69	77	39	51
ENSG00000230149.2	65	86	72	79	35	49
ENSG00000273096.1	1	1	1	2	3	3
ENSG00000225450.1	27	23	24	31	13	31
ENSG00000272669.1	1	5	3	6	11	7
ENSG00000273076.1	0	1	1	4	0	2
ENSG00000100246.13	19	42	35	45	19	28
ENSG00000221890.6	388	439	389	68	59	49
ENSG00000183741.12	727	862	822	351	235	295
ENSG00000288106.1	0	0	0	0	2	0
ENSG00000235209.1	0	0	0	0	0	0
ENSG00000128383.13	0	0	0	16	9	15
ENSG00000179750.16	1	1	1	54	43	39
ENSG00000249310.2	1	0	0	21	12	14
ENSG00000244509.4	4	3	3	81	49	58
ENSG00000284554.2	2	2	4	36	26	25
ENSG00000243811.12	1	3	4	32	22	22
ENSG00000128394.17	4	6	0	29	23	26
ENSG00000289963.1	1	0	0	0	0	0
ENSG00000259421.1	0	0	0	0	0	0
ENSG00000239713.9	9	11	2	51	38	36
ENSG00000225720.7	0	2	1	0	0	0
ENSG00000100298.16	4	3	0	0	0	0
ENSG00000100307.13	262	363	303	25	25	29
ENSG00000226024.1	0	3	0	0	0	0
ENSG00000279833.1	97	134	114	11	11	12
ENSG00000227009.1	0	0	0	0	0	0
ENSG00000100311.17	35	44	32	39	28	42
ENSG00000284633.2	3	5	9	3	3	0
ENSG00000224794.2	0	0	0	0	0	1
ENSG00000100316.16	648	754	716	3940	2346	2979
ENSG00000209480.1	0	1	1	18	8	9
ENSG00000209482.1	2	0	1	9	6	3
ENSG00000263764.1	0	1	1	2	4	10
ENSG00000100321.15	748	985	851	53	48	41
ENSG00000280216.1	1	2	2	0	0	0
ENSG00000100324.14	96	90	70	78	71	86
ENSG00000128268.12	255	323	271	33	15	24
ENSG00000227188.1	5	9	8	1	2	1
ENSG00000100335.15	93	122	111	302	162	200
ENSG00000285025.1	5	10	11	16	9	14
ENSG00000128272.18	288	353	303	1324	802	1038
ENSG00000187051.9	71	88	71	126	90	93
ENSG00000100346.18	103	135	134	2	7	0
ENSG00000176177.10	0	0	0	2	2	3
ENSG00000235647.1	0	0	0	0	1	0
ENSG00000238875.1	0	0	0	0	0	0
ENSG00000226085.3	1	5	6	3	8	4
ENSG00000100351.17	1	0	1	62	44	44
ENSG00000225528.4	0	0	0	8	1	7
ENSG00000133477.17	0	2	6	26	20	14
ENSG00000261202.2	0	3	0	1	0	3
ENSG00000100354.21	584	681	592	520	318	404
ENSG00000228599.1	2	4	2	3	2	2
ENSG00000239900.14	52	62	73	380	229	276
ENSG00000284431.1	159	204	163	481	292	380
ENSG00000100359.21	130	165	134	182	116	161
ENSG00000229999.6	1	2	1	4	4	5
ENSG00000196588.21	137	130	102	148	84	103
ENSG00000272834.1	0	0	1	1	1	3
ENSG00000227413.1	2	0	2	0	4	0
ENSG00000232564.3	4	10	6	11	7	8
ENSG00000172912.4	1	0	0	1	0	0
ENSG00000230071.2	1	2	1	8	5	11
ENSG00000289292.2	0	0	0	0	3	0
ENSG00000231907.2	0	1	0	0	1	0
ENSG00000128285.5	12	21	17	2	2	2
ENSG00000100372.15	39	38	41	121	94	117
ENSG00000230769.1	1	1	3	5	1	1
ENSG00000233603.1	1	1	0	6	1	4
ENSG00000266594.1	0	0	0	2	0	1
ENSG00000100380.15	390	478	459	884	632	763
ENSG00000196236.13	31	47	39	161	110	126
ENSG00000172404.5	2	5	0	12	8	6
ENSG00000273979.1	0	0	0	0	0	2
ENSG00000200683.1	0	0	0	0	0	1
ENSG00000100387.9	51	71	60	127	77	89
ENSG00000222698.1	0	0	0	0	0	0
ENSG00000237214.3	0	0	0	0	0	0
ENSG00000199515.1	0	0	0	0	0	0
ENSG00000213857.3	0	0	0	0	0	0
ENSG00000284015.1	1	1	2	2	1	1
ENSG00000100393.14	314	407	411	582	340	403
ENSG00000252859.1	0	0	0	0	1	0
ENSG00000232754.1	10	9	2	11	19	8
ENSG00000231993.2	1	2	0	1	1	2
ENSG00000215771.2	0	1	0	0	0	1
ENSG00000100395.15	119	136	109	149	110	106
ENSG00000235513.2	32	46	41	40	39	32
ENSG00000100399.16	43	51	45	20	8	5
ENSG00000100401.20	256	315	265	453	283	384
ENSG00000274552.1	2	3	6	8	4	4
ENSG00000100403.12	416	526	473	440	280	366
ENSG00000167074.15	330	377	338	43	34	27
ENSG00000199865.1	0	2	0	0	0	0
ENSG00000273424.1	0	0	2	4	1	0
ENSG00000183864.5	201	273	194	165	114	141
ENSG00000289841.1	5	11	5	3	2	4
ENSG00000100412.17	522	643	574	469	311	379
ENSG00000100410.8	34	36	16	135	78	89
ENSG00000100413.17	274	310	269	274	171	207
ENSG00000286491.3	0	2	0	0	0	0
ENSG00000172346.15	82	109	76	26	15	7
ENSG00000100417.12	41	50	61	63	35	29
ENSG00000100418.8	129	188	158	186	131	132
ENSG00000196419.13	365	414	378	1430	961	1117
ENSG00000200332.1	0	0	0	1	0	0
ENSG00000100138.15	167	201	179	366	213	290
ENSG00000285531.1	0	0	1	1	0	2
ENSG00000207457.1	0	1	0	3	1	0
ENSG00000184208.12	33	35	32	57	46	52
ENSG00000167077.13	2	5	2	8	7	3
ENSG00000231261.1	0	1	0	0	0	0
ENSG00000252603.1	0	0	0	0	0	0
ENSG00000206813.1	0	0	0	0	0	0
ENSG00000100147.14	60	61	50	147	86	113
ENSG00000184068.2	22	31	26	46	24	31
ENSG00000198911.12	499	669	577	615	380	529
ENSG00000207932.1	0	1	2	0	0	0
ENSG00000234965.3	38	34	21	0	0	4
ENSG00000159958.7	5	2	3	12	10	13
ENSG00000283829.1	1	0	1	1	2	1
ENSG00000100162.15	0	3	1	62	34	52
ENSG00000205704.7	27	16	20	0	1	1
ENSG00000100167.21	749	938	889	56	40	58
ENSG00000224883.1	52	56	56	5	4	2
ENSG00000183066.14	17	11	12	9	12	9
ENSG00000215347.4	3	0	2	4	3	5
ENSG00000198951.12	29	42	54	144	105	132
ENSG00000286659.1	0	1	1	2	1	0
ENSG00000177096.9	9	3	4	6	5	6
ENSG00000238498.1	0	0	0	0	1	0
ENSG00000183172.9	27	46	35	26	15	25
ENSG00000184983.11	67	100	80	164	106	124
ENSG00000270083.1	2	1	2	8	4	2
ENSG00000237037.9	217	211	175	76	63	52
ENSG00000213790.2	1	0	3	3	0	0
ENSG00000100197.23	26	45	30	22	21	23
ENSG00000227370.1	2	4	2	6	2	6
ENSG00000232710.1	74	61	28	26	10	5
ENSG00000281538.1	11	19	8	8	2	5
ENSG00000205702.12	19	31	22	19	22	33
ENSG00000226450.2	2	3	4	6	7	8
ENSG00000100207.21	210	262	212	459	282	359
ENSG00000288719.1	5	3	2	7	7	8
ENSG00000182057.5	4	11	6	49	21	28
ENSG00000229891.4	1	3	5	2	4	1
ENSG00000235568.7	5	5	11	8	9	8
ENSG00000230107.1	0	0	0	1	1	2
ENSG00000172250.18	62	128	105	102	86	102
ENSG00000189306.11	126	161	156	261	147	197
ENSG00000183569.18	41	86	67	81	72	86
ENSG00000182841.14	92	132	110	178	145	137
ENSG00000202058.1	283	315	227	243	402	372
ENSG00000251913.1	1	1	0	2	0	0
ENSG00000100227.19	138	155	146	261	168	208
ENSG00000289517.1	182	227	193	419	254	326
ENSG00000276027.1	5	10	6	14	2	9
ENSG00000270022.3	6	10	6	18	4	11
ENSG00000100243.22	136	181	146	374	262	318
ENSG00000249222.1	0	3	1	2	0	0
ENSG00000128274.17	8	5	2	35	23	22
ENSG00000200448.1	0	0	0	0	0	0
ENSG00000234009.1	0	0	0	0	0	1
ENSG00000229608.1	0	1	0	0	1	0
ENSG00000274717.1	0	0	1	1	2	1
ENSG00000242247.11	56	74	47	197	156	140
ENSG00000100266.19	123	138	115	276	187	234
ENSG00000226989.1	0	1	0	1	0	0
ENSG00000230319.1	10	12	5	3	6	1
ENSG00000100271.17	22	36	31	14	13	19
ENSG00000234735.1	0	1	0	0	0	0
ENSG00000100290.3	1	3	6	4	5	6
ENSG00000100294.13	19	27	25	43	26	35
ENSG00000100300.18	12	10	12	133	86	107
ENSG00000100304.13	57	96	59	280	208	231
ENSG00000159307.20	1	7	3	11	16	7
ENSG00000236272.1	0	0	0	0	0	0
ENSG00000234892.1	0	2	0	0	1	0
ENSG00000203527.2	0	0	0	1	0	0
ENSG00000236117.1	1	0	0	1	3	0
ENSG00000186732.14	118	152	136	1	3	3
ENSG00000286801.1	0	0	0	0	1	0
ENSG00000223843.5	3	3	1	0	3	0
ENSG00000186976.15	35	43	35	6	4	3
ENSG00000233157.1	1	0	1	0	0	1
ENSG00000180150.5	0	0	0	0	0	0
ENSG00000261251.1	3	2	6	2	4	5
ENSG00000130540.14	288	332	285	5	7	3
ENSG00000100341.13	3	2	2	0	3	0
ENSG00000100344.11	15	9	12	71	54	49
ENSG00000100347.15	51	50	52	146	127	112
ENSG00000224856.2	0	1	0	0	0	2
ENSG00000188677.15	75	92	71	180	147	151
ENSG00000279175.1	5	7	5	11	11	10
ENSG00000280434.1	9	10	10	42	31	21
ENSG00000138964.17	16	14	12	33	31	22
ENSG00000279933.1	11	5	7	17	13	14
ENSG00000280011.1	0	3	0	3	7	4
ENSG00000138944.8	148	201	172	158	110	133
ENSG00000220702.1	0	0	0	0	0	0
ENSG00000236079.1	0	0	0	0	0	0
ENSG00000232655.1	0	0	0	0	0	0
ENSG00000228807.1	0	0	0	0	0	0
ENSG00000279642.1	0	0	0	0	0	0
ENSG00000188636.4	172	260	173	232	148	175
ENSG00000215333.3	0	0	0	0	2	0
ENSG00000187012.11	0	0	0	0	5	0
ENSG00000234300.1	0	0	0	0	0	0
ENSG00000231801.2	0	0	0	0	0	0
ENSG00000186654.21	12	12	7	30	28	20
ENSG00000248405.10	4	10	3	22	26	22
ENSG00000241484.10	5	4	4	20	23	19
ENSG00000056487.16	15	14	9	15	16	12
ENSG00000223730.1	1	1	0	1	1	0
ENSG00000230922.1	1	5	0	5	4	2
ENSG00000226328.8	29	24	30	32	29	29
ENSG00000273243.1	1	3	0	6	2	4
ENSG00000093000.19	131	171	151	412	286	319
ENSG00000273353.1	0	0	0	0	1	0
ENSG00000100364.19	300	353	304	252	159	186
ENSG00000221598.3	0	1	4	0	1	0
ENSG00000273287.2	1	3	1	0	0	0
ENSG00000213752.3	0	0	0	0	0	0
ENSG00000100373.10	0	0	0	2	1	1
ENSG00000100376.12	63	57	60	121	67	102
ENSG00000077935.17	3	0	4	6	11	9
ENSG00000128408.9	0	4	1	12	11	4
ENSG00000232363.1	0	0	0	0	1	0
ENSG00000077942.19	43	47	33	115	94	112
ENSG00000238120.2	0	0	0	3	1	1
ENSG00000251985.1	0	0	0	1	0	0
ENSG00000280383.1	25	32	26	51	28	36
ENSG00000130638.17	205	265	254	213	162	182
ENSG00000264160.1	1	0	0	0	1	1
ENSG00000235347.1	0	3	2	6	1	3
ENSG00000279954.1	0	4	3	0	3	0
ENSG00000235091.2	1	1	2	0	2	0
ENSG00000188064.10	7	11	6	9	9	17
ENSG00000280424.1	3	2	2	4	5	2
ENSG00000273145.1	0	0	1	1	6	4
ENSG00000231711.2	7	14	9	7	5	8
ENSG00000289160.1	6	8	2	2	0	0
ENSG00000182257.8	8	13	17	14	2	5
ENSG00000273289.1	4	8	3	0	0	0
ENSG00000241990.5	9	13	8	17	5	11
ENSG00000197182.16	94	155	99	82	56	60
ENSG00000231010.1	11	15	12	2	1	6
ENSG00000235159.2	17	15	12	6	6	8
ENSG00000289044.2	4	13	12	11	1	5
ENSG00000266533.1	2	2	1	5	1	2
ENSG00000283990.1	0	0	0	1	0	0
ENSG00000284175.1	3	3	3	3	2	2
ENSG00000284520.1	0	1	0	2	0	1
ENSG00000186951.17	72	100	84	191	146	136
ENSG00000280384.1	0	1	1	3	5	4
ENSG00000205643.11	15	12	10	27	10	18
ENSG00000289858.1	7	4	3	15	5	7
ENSG00000130943.7	6	6	7	8	12	8
ENSG00000075234.17	29	28	20	91	70	84
ENSG00000277232.2	2	2	3	2	2	3
ENSG00000075218.19	2	2	1	146	108	119
ENSG00000100416.15	64	78	74	189	113	142
ENSG00000075275.18	0	6	4	249	139	192
ENSG00000230634.1	0	0	0	0	0	0
ENSG00000288754.1	0	0	0	2	2	1
ENSG00000234869.1	0	0	0	0	8	1
ENSG00000075240.17	94	104	74	151	95	132
ENSG00000100422.14	205	245	264	292	183	240
ENSG00000260708.2	2	6	12	14	12	15
ENSG00000054611.14	38	51	47	79	50	71
ENSG00000280080.2	3	4	4	4	12	6
ENSG00000278881.2	2	4	3	7	1	8
ENSG00000280312.1	1	1	0	1	3	0
ENSG00000224715.1	0	1	0	0	1	0
ENSG00000218357.4	0	0	0	0	1	0
ENSG00000205634.7	7	6	1	5	3	1
ENSG00000224271.8	31	31	36	128	118	97
ENSG00000232897.2	1	0	2	0	2	1
ENSG00000279712.1	4	3	3	7	12	14
ENSG00000235154.1	0	0	0	0	0	0
ENSG00000278890.1	0	0	0	0	2	0
ENSG00000238192.1	0	0	0	0	1	0
ENSG00000229275.1	0	0	0	0	0	0
ENSG00000285707.1	0	1	0	0	0	0
ENSG00000266508.1	0	0	0	0	0	0
ENSG00000288540.1	1	0	1	0	1	0
ENSG00000285855.1	0	0	0	0	1	0
ENSG00000233179.1	0	0	0	0	0	0
ENSG00000287225.1	4	10	7	1	5	0
ENSG00000219438.9	135	161	149	18	16	14
ENSG00000281732.1	17	16	18	0	1	1
ENSG00000266887.1	0	0	0	0	1	0
ENSG00000205632.4	10	10	10	0	9	2
ENSG00000286381.1	6	2	4	2	3	0
ENSG00000285623.1	0	0	0	0	2	0
ENSG00000226142.2	0	0	0	0	1	0
ENSG00000280199.1	0	0	0	0	3	0
ENSG00000285722.1	0	0	0	1	3	4
ENSG00000188511.14	3	4	3	43	28	23
ENSG00000280224.1	0	0	0	0	3	3
ENSG00000279597.1	0	0	0	0	1	5
ENSG00000264139.1	0	0	0	0	0	0
ENSG00000212939.2	0	0	1	13	22	17
ENSG00000213279.2	0	0	0	7	1	6
ENSG00000235111.1	1	0	1	17	13	8
ENSG00000288834.2	1	0	0	7	6	3
ENSG00000286393.1	0	0	0	0	1	0
ENSG00000226954.1	0	0	0	0	4	0
ENSG00000223142.1	0	0	0	0	0	0
ENSG00000214727.2	0	0	0	0	1	0
ENSG00000100425.19	92	113	100	182	120	157
ENSG00000279345.1	3	2	8	5	8	2
ENSG00000236867.1	2	3	2	3	3	3
ENSG00000260613.2	1	2	1	1	2	0
ENSG00000229409.1	0	1	0	0	0	1
ENSG00000277771.1	0	0	0	0	0	0
ENSG00000279494.1	0	0	0	2	0	0
ENSG00000100426.7	52	68	76	191	152	153
ENSG00000182858.14	43	74	74	106	48	67
ENSG00000273192.1	22	44	36	53	21	33
ENSG00000184164.15	32	41	45	74	65	59
ENSG00000278869.2	0	0	0	2	6	6
ENSG00000198355.5	47	58	55	153	102	115
ENSG00000276753.1	0	1	1	4	5	5
ENSG00000188263.11	0	1	3	2	7	3
ENSG00000138892.12	0	0	0	0	1	0
ENSG00000100427.16	291	316	305	13	11	12
ENSG00000073146.16	10	8	8	0	7	1
ENSG00000280395.1	1	0	0	0	1	0
ENSG00000073150.14	58	70	73	9	7	7
ENSG00000170638.10	41	49	42	115	83	98
ENSG00000273188.1	2	7	3	4	4	5
ENSG00000273253.2	22	25	16	19	17	24
ENSG00000073169.15	58	80	38	83	42	72
ENSG00000272836.1	7	2	0	5	2	3
ENSG00000273137.1	11	16	9	19	9	14
ENSG00000128159.12	244	283	234	273	169	200
ENSG00000288871.2	25	24	24	34	25	28
ENSG00000100429.18	34	39	44	79	61	73
ENSG00000188130.14	92	87	92	188	125	182
ENSG00000185386.15	64	97	81	25	22	28
ENSG00000196576.16	236	296	246	455	275	366
ENSG00000205593.12	74	119	80	41	21	24
ENSG00000227484.1	8	16	11	3	2	0
ENSG00000279182.1	10	8	5	3	0	4
ENSG00000100239.16	172	260	266	223	152	181
ENSG00000100241.22	736	929	748	590	373	467
ENSG00000128165.9	0	2	1	27	21	29
ENSG00000100253.13	0	0	0	1	1	1
ENSG00000100258.18	55	73	67	169	108	163
ENSG00000025770.19	111	144	112	273	157	236
ENSG00000284194.3	21	46	29	55	29	57
ENSG00000272821.1	19	35	24	41	17	48
ENSG00000025708.14	25	28	32	63	22	38
ENSG00000177989.14	11	14	13	20	14	18
ENSG00000273272.2	0	0	0	0	2	0
ENSG00000289947.1	0	0	0	0	0	0
ENSG00000272666.1	0	1	0	0	1	0
ENSG00000130487.9	0	0	1	10	10	2
ENSG00000217442.4	0	0	1	0	0	0
ENSG00000205560.13	52	46	61	124	71	83
ENSG00000254413.8	104	104	132	215	141	167
ENSG00000100288.20	56	59	73	100	76	84
ENSG00000205559.5	16	18	14	5	10	9
ENSG00000272940.1	0	1	4	1	2	1
ENSG00000008735.14	398	540	475	13	15	9
ENSG00000100299.18	56	64	70	66	47	57
ENSG00000289244.2	1	0	2	0	0	0
ENSG00000212569.1	0	0	0	0	0	0
ENSG00000286508.1	0	1	0	0	0	1
ENSG00000251322.11	381	477	391	47	30	36
ENSG00000206841.1	0	0	0	0	0	0
ENSG00000225929.1	0	2	1	0	1	0
ENSG00000100312.11	0	0	0	0	2	0
ENSG00000254499.1	0	0	0	0	0	0
ENSG00000213683.4	0	0	0	0	0	0
ENSG00000184319.18	73	73	88	48	36	52
ENSG00000079974.19	76	65	58	71	55	54
